filename,test_type,rw_mode,bs,rwmixwrite,numjobs,cpus_allowed,iodepth,read_iops,write_iops,read_bw_Mb,write_bw_Mb,read_lat_mean_us,read_lat_p99_us,write_lat_mean_us,write_lat_p99_us,cpu_usr,cpu_sys,cpu_total
test_bs=4k_randread.json,bs,randread,4k,0,1,1,32,313.259925,0.0,1223.670898,0.0,99.290647,117.248,0.0,0.0,21.643333,78.206667,99.85
test_bs=4k_randwrite.json,bs,randwrite,4k,0,1,1,32,0.0,325.169894,0.0,1270.194336,0.0,0.0,95.637055,166.912,20.78,79.086667,99.866667
test_bs=4k_read.json,bs,read,4k,0,1,1,32,301.204693,0.0,1176.580078,0.0,103.246247,207.872,0.0,0.0,18.663333,81.303333,99.966666
test_bs=4k_write.json,bs,write,4k,0,1,1,32,0.0,328.170894,0.0,1281.916992,0.0,0.0,94.80756,183.296,19.973333,79.69,99.663333
test_bs=8k_randread.json,bs,randread,8k,0,1,1,32,302.531516,0.0,2363.527344,0.0,102.815911,125.44,0.0,0.0,20.54,79.176667,99.716667
test_bs=8k_randwrite.json,bs,randwrite,8k,0,1,1,32,0.0,285.910536,0.0,2233.675781,0.0,0.0,108.911906,130.56,21.823333,76.283333,98.106666
test_bs=8k_read.json,bs,read,8k,0,1,1,32,308.039132,0.0,2406.555664,0.0,100.978534,121.344,0.0,0.0,19.026667,80.78,99.806667
test_bs=8k_write.json,bs,write,8k,0,1,1,32,0.0,286.60088,0.0,2239.069336,0.0,0.0,108.944914,134.144,20.153333,74.076667,94.23
test_bs=16k_randread.json,bs,randread,16k,0,1,1,32,280.596447,0.0,4384.319336,0.0,110.803388,126.464,0.0,0.0,20.54,79.44,99.98
test_bs=16k_randwrite.json,bs,randwrite,16k,0,1,1,32,0.0,251.90317,0.0,3935.986328,0.0,0.0,124.27152,136.192,24.37,67.07,91.44
test_bs=16k_read.json,bs,read,16k,0,1,1,32,283.621346,0.0,4431.583008,0.0,109.623576,126.464,0.0,0.0,18.663333,81.33,99.993333
test_bs=16k_write.json,bs,write,16k,0,1,1,32,0.0,254.90467,0.0,3982.884766,0.0,0.0,122.527131,140.288,22.55,71.706667,94.256667
test_bs=32k_randread.json,bs,randread,32k,0,1,1,32,169.819906,0.0,5306.871094,0.0,186.049498,201.728,0.0,0.0,12.33,51.17,63.5
test_bs=32k_randwrite.json,bs,randwrite,32k,0,1,1,32,0.0,139.9855,0.0,4374.546875,0.0,0.0,225.493707,238.592,17.826667,44.37,62.196667
test_bs=32k_read.json,bs,read,32k,0,1,1,32,182.330089,0.0,5697.814453,0.0,173.223545,193.536,0.0,0.0,11.37,54.526667,65.896667
test_bs=32k_write.json,bs,write,32k,0,1,1,32,0.0,146.310756,0.0,4572.210938,0.0,0.0,215.573918,230.4,17.493333,47.803333,65.296666
test_bs=64k_randread.json,bs,randread,64k,0,1,1,32,89.287724,0.0,5580.482422,0.0,355.107375,362.496,0.0,0.0,8.443333,38.74,47.183333
test_bs=64k_randwrite.json,bs,randwrite,64k,0,1,1,32,0.0,68.695143,0.0,4293.446289,0.0,0.0,461.979039,473.088,12.723333,27.75,40.473333
test_bs=64k_read.json,bs,read,64k,0,1,1,32,91.576214,0.0,5723.512695,0.0,346.271107,358.4,0.0,0.0,8.076667,38.976667,47.053334
test_bs=64k_write.json,bs,write,64k,0,1,1,32,0.0,71.583747,0.0,4473.983398,0.0,0.0,443.071493,452.608,13.216667,29.4,42.616667
test_bs=128k_randread.json,bs,randread,128k,0,1,1,32,47.054632,0.0,5881.828125,0.0,673.869407,684.032,0.0,0.0,7.123333,37.34,44.463333
test_bs=128k_randwrite.json,bs,randwrite,128k,0,1,1,32,0.0,35.775041,0.0,4471.879883,0.0,0.0,885.308841,905.216,19.36,25.483333,44.843333
test_bs=128k_read.json,bs,read,128k,0,1,1,32,50.866771,0.0,6358.345703,0.0,623.772183,634.88,0.0,0.0,6.233333,34.996667,41.23
test_bs=128k_write.json,bs,write,128k,0,1,1,32,0.0,36.60388,0.0,4575.484375,0.0,0.0,865.035737,880.64,18.733333,26.91,45.643333
test_rwmixwrite-4k-32=0_randrw.json,rwmixwrite-4k-32,randrw,4k,0,1,1,32,295.880671,0.0,1155.783203,0.0,105.133064,181.248,0.0,0.0,23.096667,76.78,99.876667
test_rwmixwrite-4k-32=25_randrw.json,rwmixwrite-4k-32,randrw,4k,25,1,1,32,233.30669,77.780074,911.353516,303.828125,99.998051,120.32,99.905926,119.296,22.03,77.796667,99.826667
test_rwmixwrite-4k-32=50_randrw.json,rwmixwrite-4k-32,randrw,4k,50,1,1,32,155.972668,155.914403,609.267578,609.040039,99.753276,118.272,99.637468,118.272,21.603333,78.33,99.933333
test_rwmixwrite-4k-32=75_randrw.json,rwmixwrite-4k-32,randrw,4k,75,1,1,32,79.626412,238.828906,311.040039,932.924805,97.778282,115.2,97.590759,114.176,21.316667,78.623333,99.94
test_rwmixwrite-4k-32=100_randrw.json,rwmixwrite-4k-32,randrw,4k,100,1,1,32,0.0,331.962068,0.0,1296.726562,0.0,0.0,93.688032,109.056,21.413333,78.46,99.873333
test_rwmixwrite-4k-8=0_randrw.json,rwmixwrite-4k-8,randrw,4k,0,1,1,8,228.910936,0.0,894.182617,0.0,32.967653,45.824,0.0,0.0,16.91,52.76,69.67
test_rwmixwrite-4k-8=25_randrw.json,rwmixwrite-4k-8,randrw,4k,25,1,1,8,102.243625,34.08653,399.388672,133.150391,56.390219,72.192,55.631969,72.192,14.383333,37.98,52.363333
test_rwmixwrite-4k-8=50_randrw.json,rwmixwrite-4k-8,randrw,4k,50,1,1,8,66.822706,66.747408,261.025391,260.731445,57.90369,74.24,56.73541,73.216,13.816667,38.886667,52.703334
test_rwmixwrite-4k-8=75_randrw.json,rwmixwrite-4k-8,randrw,4k,75,1,1,8,50.117763,150.250092,195.772461,586.914062,37.149652,93.696,36.506529,90.624,17.24,63.693333,80.933333
test_rwmixwrite-4k-8=100_randrw.json,rwmixwrite-4k-8,randrw,4k,100,1,1,8,0.0,282.168628,0.0,1102.220703,0.0,0.0,25.31988,34.56,21.176667,75.913333,97.09
test_rwmixwrite-64k=0_randrw.json,rwmixwrite-64k,randrw,64k,0,1,1,32,87.934236,0.0,5495.889648,0.0,360.629487,366.592,0.0,0.0,8.083333,38.073333,46.156666
test_rwmixwrite-64k=25_randrw.json,rwmixwrite-64k,randrw,64k,25,1,1,32,61.579914,20.556215,3848.744141,1284.762695,313.5844,350.208,602.310392,651.264,9.593333,34.986667,44.58
test_rwmixwrite-64k=50_randrw.json,rwmixwrite-64k,randrw,64k,50,1,1,32,38.477317,38.459218,2404.832031,2403.700195,283.520978,325.632,540.409382,593.92,11.76,31.94,43.7
test_rwmixwrite-64k=75_randrw.json,rwmixwrite-64k,randrw,64k,75,1,1,32,18.103163,54.248325,1131.447266,3390.519531,263.059318,305.152,496.741698,536.576,13.276667,29.26,42.536667
test_rwmixwrite-64k=100_randrw.json,rwmixwrite-64k,randrw,64k,100,1,1,32,0.0,68.257925,0.0,4266.120117,0.0,0.0,464.773619,473.088,13.03,28.126667,41.156667
test_rwmixwrite-4k-128=0_randrw.json,rwmixwrite-4k-128,randrw,4k,0,1,1,128,300.625912,0.0,1174.319336,0.0,422.760085,708.608,0.0,0.0,21.966667,78.033333,100.0
test_rwmixwrite-4k-128=25_randrw.json,rwmixwrite-4k-128,randrw,4k,25,1,1,128,230.555315,76.854738,900.606445,300.212891,413.41569,436.224,413.459877,436.224,22.286667,77.713333,100.0
test_rwmixwrite-4k-128=50_randrw.json,rwmixwrite-4k-128,randrw,4k,50,1,1,128,155.773241,155.715609,608.488281,608.263672,408.008827,432.128,407.981016,432.128,21.676667,78.323333,100.0
test_rwmixwrite-4k-128=75_randrw.json,rwmixwrite-4k-128,randrw,4k,75,1,1,128,79.591614,238.730609,310.904297,932.541016,399.320634,423.936,399.210832,423.936,21.61,78.39,100.0
test_rwmixwrite-4k-128=100_randrw.json,rwmixwrite-4k-128,randrw,4k,100,1,1,128,0.0,327.884171,0.0,1280.796875,0.0,0.0,387.619098,407.552,22.493333,77.5,99.993333
test_rwmixwrite-4k-16=0_randrw.json,rwmixwrite-4k-16,randrw,4k,0,1,1,16,252.703143,0.0,987.121094,0.0,61.276575,95.744,0.0,0.0,17.943333,57.736667,75.68
test_rwmixwrite-4k-16=25_randrw.json,rwmixwrite-4k-16,randrw,4k,25,1,1,16,186.879304,62.329289,729.99707,243.473633,62.273963,74.24,61.895413,74.24,19.006667,55.24,74.246667
test_rwmixwrite-4k-16=50_randrw.json,rwmixwrite-4k-16,randrw,4k,50,1,1,16,117.732142,117.673544,459.890625,459.662109,66.242238,96.768,65.699202,95.744,18.383333,51.086667,69.47
test_rwmixwrite-4k-16=75_randrw.json,rwmixwrite-4k-16,randrw,4k,75,1,1,16,66.069598,198.09333,258.083984,773.801758,58.031,84.48,58.010805,82.432,18.47,66.336667,84.806667
test_rwmixwrite-4k-16=100_randrw.json,rwmixwrite-4k-16,randrw,4k,100,1,1,16,0.0,224.584781,0.0,877.28418,0.0,0.0,69.357552,96.768,16.423333,46.923333,63.346666
test_rwmixwrite-64k-8=0_randrw.json,rwmixwrite-64k-8,randrw,64k,0,1,1,8,82.459185,0.0,5153.698242,0.0,92.931665,158.72,0.0,0.0,8.42,41.876667,50.296667
test_rwmixwrite-64k-8=25_randrw.json,rwmixwrite-64k-8,randrw,64k,25,1,1,8,60.651278,20.254258,3790.704102,1265.890625,80.867797,97.792,137.401768,162.816,9.36,35.22,44.58
test_rwmixwrite-64k-8=50_randrw.json,rwmixwrite-64k-8,randrw,64k,50,1,1,8,38.21376,38.19616,2388.359375,2387.259766,75.84886,95.744,125.679812,150.528,10.92,32.416667,43.336667
test_rwmixwrite-64k-8=75_randrw.json,rwmixwrite-64k-8,randrw,64k,75,1,1,8,18.281957,54.790274,1142.62207,3424.391602,72.239164,91.648,116.495267,138.24,11.82,30.67,42.49
test_rwmixwrite-64k-8=100_randrw.json,rwmixwrite-64k-8,randrw,64k,100,1,1,8,0.0,70.011366,0.0,4375.709961,0.0,0.0,109.904706,119.296,15.143333,28.413333,43.556666
test_numjobs=1_randread.json,numjobs,randread,4k,0,1,1,32,300.818973,0.0,1175.073242,0.0,103.389675,173.056,0.0,0.0,20.366667,79.53,99.896667
test_numjobs=1_randwrite.json,numjobs,randwrite,4k,0,1,1,32,0.0,325.162561,0.0,1270.166016,0.0,0.0,95.630795,168.96,21.68,78.226667,99.906667
test_numjobs=2_randread.json,numjobs,randread,4k,0,2,1,32,613.549515,0.0,2396.677734,0.0,101.387979,130.56,0.0,0.0,21.758333,78.138333,99.896666
test_numjobs=2_randwrite.json,numjobs,randwrite,4k,0,2,1,32,0.0,642.419919,0.0,2509.452148,0.0,0.0,96.810531,199.68,21.393333,78.553333,99.946666
test_numjobs=3_randread.json,numjobs,randread,4k,0,3,1,32,880.779341,0.0,3440.543945,0.0,105.934218,179.2,0.0,0.0,20.656667,79.172222,99.828889
test_numjobs=3_randwrite.json,numjobs,randwrite,4k,0,3,1,32,0.0,957.826672,0.0,3741.509766,0.0,0.0,97.400484,189.44,20.766667,79.146667,99.913334
test_numjobs=4_randread.json,numjobs,randread,4k,0,4,1,32,1203.883037,0.0,4702.667969,0.0,103.341908,134.144,0.0,0.0,20.946667,78.8675,99.814167
test_numjobs=4_randwrite.json,numjobs,randwrite,4k,0,4,1,32,0.0,1271.630812,0.0,4967.307617,0.0,0.0,97.815989,175.104,21.444167,78.53,99.974167
test_numjobs=5_randread.json,numjobs,randread,4k,0,5,1,32,1482.150528,0.0,5789.650391,0.0,104.931592,136.192,0.0,0.0,21.207333,78.594667,99.802
test_numjobs=5_randwrite.json,numjobs,randwrite,4k,0,5,1,32,0.0,1606.976067,0.0,6277.25,0.0,0.0,96.760683,126.464,21.661333,78.293333,99.954666
test_numjobs=6_randread.json,numjobs,randread,4k,0,6,1,32,1783.032699,0.0,6964.970703,0.0,104.658127,132.096,0.0,0.0,20.755556,79.146667,99.902223
test_numjobs=6_randwrite.json,numjobs,randwrite,4k,0,6,1,32,0.0,1936.138429,0.0,7563.040039,0.0,0.0,96.380762,116.224,21.263889,78.575,99.838889
test_numjobs=7_randread.json,numjobs,randread,4k,0,7,1,32,2068.981934,0.0,8081.959961,0.0,105.243353,134.144,0.0,0.0,20.625714,79.124762,99.750476
test_numjobs=7_randwrite.json,numjobs,randwrite,4k,0,7,1,32,0.0,2215.088864,0.0,8652.69043,0.0,0.0,98.278039,127.488,21.961429,77.982381,99.94381
test_numjobs=8_randread.json,numjobs,randread,4k,0,8,1,32,2356.453618,0.0,9204.896484,0.0,105.585006,128.512,0.0,0.0,20.867917,79.006667,99.874584
test_numjobs=8_randwrite.json,numjobs,randwrite,4k,0,8,1,32,0.0,2532.922469,0.0,9894.227539,0.0,0.0,98.229974,127.488,21.234167,78.620833,99.855
test_numjobs=9_randread.json,numjobs,randread,4k,0,9,1,32,2608.10253,0.0,10187.900391,0.0,107.335944,136.192,0.0,0.0,20.953333,78.832963,99.786296
test_numjobs=9_randwrite.json,numjobs,randwrite,4k,0,9,1,32,0.0,2798.035999,0.0,10929.827148,0.0,0.0,100.024843,118.272,21.597037,78.298889,99.895926
test_numjobs=10_randread.json,numjobs,randread,4k,0,10,1,32,2813.601813,0.0,10990.631836,0.0,110.531014,134.144,0.0,0.0,21.254667,78.674667,99.929334
test_numjobs=10_randwrite.json,numjobs,randwrite,4k,0,10,1,32,0.0,2834.232192,0.0,11071.21875,0.0,0.0,110.408628,136.192,20.140333,69.987,90.127333
test_numjobs=11_randread.json,numjobs,randread,4k,0,11,1,32,2843.001333,0.0,11105.473633,0.0,121.275332,138.24,0.0,0.0,19.960303,68.324545,88.284848
test_numjobs=11_randwrite.json,numjobs,randwrite,4k,0,11,1,32,0.0,2838.543815,0.0,11088.061523,0.0,0.0,121.549851,148.48,18.969697,64.538182,83.507879
test_numjobs=12_randread.json,numjobs,randread,4k,0,12,1,32,2855.730509,0.0,11155.197266,0.0,132.044513,154.624,0.0,0.0,18.571389,62.6025,81.173889
test_numjobs=12_randwrite.json,numjobs,randwrite,4k,0,12,1,32,0.0,2850.007233,0.0,11132.839844,0.0,0.0,132.33469,162.816,17.913333,59.770833,77.684166
test_numjobs=13_randread.json,numjobs,randread,4k,0,13,1,32,2866.324156,0.0,11196.578125,0.0,142.78128,168.96,0.0,0.0,17.455897,58.833077,76.288974
test_numjobs=13_randwrite.json,numjobs,randwrite,4k,0,13,1,32,0.0,2859.080697,0.0,11168.283203,0.0,0.0,143.166053,173.056,17.767949,55.631282,73.399231
test_numjobs=14_randread.json,numjobs,randread,4k,0,14,1,32,2875.308723,0.0,11231.673828,0.0,153.540369,179.2,0.0,0.0,16.74381,54.370476,71.114286
test_numjobs=14_randwrite.json,numjobs,randwrite,4k,0,14,1,32,0.0,2865.880837,0.0,11194.84668,0.0,0.0,154.051165,191.488,16.601667,51.975952,68.577619
test_numjobs=15_randread.json,numjobs,randread,4k,0,15,1,32,2878.806706,0.0,11245.337891,0.0,164.433735,207.872,0.0,0.0,15.697556,52.022444,67.72
test_numjobs=15_randwrite.json,numjobs,randwrite,4k,0,15,1,32,0.0,2869.130129,0.0,11207.539062,0.0,0.0,165.002119,224.256,15.843778,49.224889,65.068667
test_numjobs=16_randread.json,numjobs,randread,4k,0,16,1,32,2880.50215,0.0,11251.960938,0.0,175.461638,236.544,0.0,0.0,15.091458,48.372083,63.463541
test_numjobs=16_randwrite.json,numjobs,randwrite,4k,0,16,1,32,0.0,2870.996,0.0,11214.828125,0.0,0.0,176.014312,264.192,15.168542,46.701042,61.869584
test_nbcpu=1_randread.json,nbcpu,randread,4k,0,1,1,32,310.305769,0.0,1212.131836,0.0,1636.885844,49020.928,0.0,0.0,1.28569,4.968462,6.254152
test_nbcpu=1_randwrite.json,nbcpu,randwrite,4k,0,1,1,32,0.0,336.822437,0.0,1315.711914,0.0,0.0,1492.594757,60030.976,1.235864,5.016961,6.252825
test_nbcpu=2_randread.json,nbcpu,randread,4k,0,1,2,32,605.861921,0.0,2366.647461,0.0,836.19663,30539.776,0.0,0.0,2.666469,9.848086,12.514555
test_nbcpu=2_randwrite.json,nbcpu,randwrite,4k,0,1,2,32,0.0,657.44544,0.0,2568.145508,0.0,0.0,763.683027,32899.072,2.619242,9.884221,12.503463
test_nbcpu=3_randread.json,nbcpu,randread,4k,0,1,3,32,909.049166,0.0,3550.972656,0.0,550.377431,16056.32,0.0,0.0,3.996717,14.773293,18.77001
test_nbcpu=3_randwrite.json,nbcpu,randwrite,4k,0,1,3,32,0.0,982.495819,0.0,3837.874023,0.0,0.0,510.32899,15794.176,4.012315,14.74758,18.759895
test_nbcpu=4_randread.json,nbcpu,randread,4k,0,1,4,32,1199.148736,0.0,4684.173828,0.0,420.251836,9109.504,0.0,0.0,5.184306,19.837307,25.021613
test_nbcpu=4_randwrite.json,nbcpu,randwrite,4k,0,1,4,32,0.0,1290.158387,0.0,5039.680664,0.0,0.0,386.649073,8093.696,5.594452,19.426639,25.021091
test_nbcpu=5_randread.json,nbcpu,randread,4k,0,1,5,32,1495.249525,0.0,5840.818359,0.0,337.506883,8224.768,0.0,0.0,6.561076,24.715642,31.276718
test_nbcpu=5_randwrite.json,nbcpu,randwrite,4k,0,1,5,32,0.0,1605.371731,0.0,6270.982422,0.0,0.0,312.320085,7897.088,6.844376,24.42441,31.268786
test_nbcpu=6_randread.json,nbcpu,randread,4k,0,1,6,32,1786.821612,0.0,6979.771484,0.0,282.427847,6258.688,0.0,0.0,7.736827,29.762522,37.499349
test_nbcpu=6_randwrite.json,nbcpu,randwrite,4k,0,1,6,32,0.0,1938.440789,0.0,7572.03418,0.0,0.0,258.58599,4046.848,7.912034,29.606273,37.518307
test_nbcpu=7_randread.json,nbcpu,randread,4k,0,1,7,32,2068.547832,0.0,8080.264648,0.0,243.640085,4947.968,0.0,0.0,9.167762,34.609255,43.777017
test_nbcpu=7_randwrite.json,nbcpu,randwrite,4k,0,1,7,32,0.0,2237.056461,0.0,8738.500977,0.0,0.0,223.287774,333.824,9.59609,34.172972,43.769062
test_nbcpu=8_randread.json,nbcpu,randread,4k,0,1,8,32,2337.295394,0.0,9130.05957,0.0,214.799563,3719.168,0.0,0.0,10.580306,39.444381,50.024687
test_nbcpu=8_randwrite.json,nbcpu,randwrite,4k,0,1,8,32,0.0,2540.727994,0.0,9924.717773,0.0,0.0,197.021612,1597.44,11.001135,38.99626,49.997395
test_nbcpu=9_randread.json,nbcpu,randread,4k,0,1,9,32,2602.015432,0.0,10164.12207,0.0,192.687663,2637.824,0.0,0.0,11.535529,44.682544,56.218073
test_nbcpu=9_randwrite.json,nbcpu,randwrite,4k,0,1,9,32,0.0,2816.683244,0.0,11002.667969,0.0,0.0,178.163047,1859.584,11.843333,44.33875,56.182083
test_nbcpu=10_randread.json,nbcpu,randread,4k,0,1,10,32,2831.114907,0.0,11059.041992,0.0,176.974775,708.608,0.0,0.0,12.868663,49.428659,62.297322
test_nbcpu=10_randwrite.json,nbcpu,randwrite,4k,0,1,10,32,0.0,2835.234351,0.0,11075.133789,0.0,0.0,177.835645,378.88,12.62039,45.540738,58.161128
test_nbcpu=11_randread.json,nbcpu,randread,4k,0,1,11,32,2844.528231,0.0,11111.4375,0.0,177.120969,362.496,0.0,0.0,14.035596,49.089273,63.124869
test_nbcpu=11_randwrite.json,nbcpu,randwrite,4k,0,1,11,32,0.0,2837.881312,0.0,11085.473633,0.0,0.0,177.700364,370.688,13.612235,45.853351,59.465586
test_nbcpu=12_randread.json,nbcpu,randread,4k,0,1,12,32,2858.243584,0.0,11165.013672,0.0,176.426259,370.688,0.0,0.0,14.127054,49.255939,63.382993
test_nbcpu=12_randwrite.json,nbcpu,randwrite,4k,0,1,12,32,0.0,2848.898003,0.0,11128.507812,0.0,0.0,177.029982,362.496,14.402708,46.937083,61.339791
test_nbcpu=13_randread.json,nbcpu,randread,4k,0,1,13,32,2868.045932,0.0,11203.303711,0.0,175.923454,350.208,0.0,0.0,14.86,49.297083,64.157083
test_nbcpu=13_randwrite.json,nbcpu,randwrite,4k,0,1,13,32,0.0,2858.696754,0.0,11166.78418,0.0,0.0,176.489118,346.112,15.090177,47.500318,62.590495
test_nbcpu=14_randread.json,nbcpu,randread,4k,0,1,14,32,2875.446252,0.0,11232.211914,0.0,175.501841,321.536,0.0,0.0,15.194167,50.222708,65.416875
test_nbcpu=14_randwrite.json,nbcpu,randwrite,4k,0,1,14,32,0.0,2865.743875,0.0,11194.311523,0.0,0.0,176.129082,317.44,15.216458,48.17625,63.392708
test_nbcpu=15_randread.json,nbcpu,randread,4k,0,1,15,32,2878.842039,0.0,11245.476562,0.0,175.393628,305.152,0.0,0.0,15.41625,49.709583,65.125833
test_nbcpu=15_randwrite.json,nbcpu,randwrite,4k,0,1,15,32,0.0,2869.444019,0.0,11208.765625,0.0,0.0,175.950123,301.056,15.25,48.500208,63.750208
test_nbcpu=16_randread.json,nbcpu,randread,4k,0,1,16,32,2880.549782,0.0,11252.147461,0.0,175.449421,236.544,0.0,0.0,14.950208,48.622083,63.572291
test_nbcpu=16_randwrite.json,nbcpu,randwrite,4k,0,1,16,32,0.0,2870.909436,0.0,11214.489258,0.0,0.0,175.994945,264.192,15.28625,46.789375,62.075625
test_iodepth=1_randread.json,iodepth,randread,4k,0,1,1,1,21.129029,0.0,82.535156,0.0,39.222881,42.752,0.0,0.0,9.05,23.416667,32.466667
test_iodepth=1_randwrite.json,iodepth,randwrite,4k,0,1,1,1,0.0,22.694544,0.0,88.650391,0.0,0.0,35.938793,40.192,9.286667,25.693333,34.98
test_iodepth=1_read.json,iodepth,read,4k,0,1,1,1,11.023766,0.0,688.985352,0.0,78.105902,83.456,0.0,0.0,4.28,18.37,22.65
test_iodepth=1_write.json,iodepth,write,4k,0,1,1,1,0.0,8.909803,0.0,556.862305,0.0,0.0,98.629162,103.936,5.373333,13.596667,18.97
test_iodepth=2_randread.json,iodepth,randread,4k,0,1,1,2,46.466418,0.0,181.508789,0.0,37.362862,42.24,0.0,0.0,11.763333,32.163333,43.926666
test_iodepth=2_randwrite.json,iodepth,randwrite,4k,0,1,1,2,0.0,46.969134,0.0,183.472656,0.0,0.0,36.892114,41.728,12.28,31.883333,44.163333
test_iodepth=2_read.json,iodepth,read,4k,0,1,1,2,4.668911,0.0,291.806641,0.0,399.743378,489.472,0.0,0.0,4.98,16.256667,21.236667
test_iodepth=2_write.json,iodepth,write,4k,0,1,1,2,0.0,4.317023,0.0,269.813477,0.0,0.0,434.152746,501.76,6.363333,13.7,20.063333
test_iodepth=4_randread.json,iodepth,randread,4k,0,1,1,4,106.351688,0.0,415.435547,0.0,33.856,64.256,0.0,0.0,12.78,44.34,57.12
test_iodepth=4_randwrite.json,iodepth,randwrite,4k,0,1,1,4,0.0,165.819939,0.0,647.733398,0.0,0.0,21.157982,34.56,16.983333,50.296667,67.28
test_iodepth=4_read.json,iodepth,read,4k,0,1,1,4,68.289324,0.0,4268.082031,0.0,54.969879,78.336,0.0,0.0,5.943333,33.736667,39.68
test_iodepth=4_write.json,iodepth,write,4k,0,1,1,4,0.0,8.044532,0.0,502.783203,0.0,0.0,475.764864,544.768,8.736667,17.28,26.016667
test_iodepth=8_randread.json,iodepth,randread,4k,0,1,1,8,250.917336,0.0,980.145508,0.0,29.465857,40.192,0.0,0.0,17.23,62.82,80.05
test_iodepth=8_randwrite.json,iodepth,randwrite,4k,0,1,1,8,0.0,209.658311,0.0,818.977539,0.0,0.0,35.650503,68.096,17.706667,54.716667,72.423334
test_iodepth=8_read.json,iodepth,read,4k,0,1,1,8,83.368888,0.0,5210.554688,0.0,92.754636,98.816,0.0,0.0,7.306667,35.943333,43.25
test_iodepth=8_write.json,iodepth,write,4k,0,1,1,8,0.0,63.79944,0.0,3987.464844,0.0,0.0,120.894972,199.68,13.916667,28.176667,42.093334
test_iodepth=16_randread.json,iodepth,randread,4k,0,1,1,16,252.994767,0.0,988.260742,0.0,61.139864,91.648,0.0,0.0,18.09,57.57,75.66
test_iodepth=16_randwrite.json,iodepth,randwrite,4k,0,1,1,16,0.0,226.121796,0.0,883.288086,0.0,0.0,68.88333,94.72,14.83,47.716667,62.546667
test_iodepth=16_read.json,iodepth,read,4k,0,1,1,16,87.988267,0.0,5499.266602,0.0,178.653317,183.296,0.0,0.0,7.686667,37.803333,45.49
test_iodepth=16_write.json,iodepth,write,4k,0,1,1,16,0.0,74.982967,0.0,4686.43457,0.0,0.0,209.305916,216.064,15.873333,29.553333,45.426666
test_iodepth=32_randread.json,iodepth,randread,4k,0,1,1,32,312.888837,0.0,1222.22168,0.0,99.417505,118.272,0.0,0.0,21.3,78.466667,99.766667
test_iodepth=32_randwrite.json,iodepth,randwrite,4k,0,1,1,32,0.0,335.972934,0.0,1312.393555,0.0,0.0,92.558364,105.984,21.45,78.42,99.87
test_iodepth=32_read.json,iodepth,read,4k,0,1,1,32,87.80874,0.0,5488.045898,0.0,361.151206,366.592,0.0,0.0,8.4,37.876667,46.276667
test_iodepth=32_write.json,iodepth,write,4k,0,1,1,32,0.0,67.69001,0.0,4230.625,0.0,0.0,468.83015,477.184,12.313333,27.973333,40.286666
test_iodepth=64_randread.json,iodepth,randread,4k,0,1,1,64,313.392454,0.0,1224.188477,0.0,201.326469,224.256,0.0,0.0,20.05,79.946667,99.996667
test_iodepth=64_randwrite.json,iodepth,randwrite,4k,0,1,1,64,0.0,338.51095,0.0,1322.307617,0.0,0.0,186.377818,203.776,20.503333,79.496667,100.0
test_iodepth=64_read.json,iodepth,read,4k,0,1,1,64,86.167994,0.0,5385.499023,0.0,739.513057,749.568,0.0,0.0,7.97,36.7,44.67
test_iodepth=64_write.json,iodepth,write,4k,0,1,1,64,0.0,67.097163,0.0,4193.572266,0.0,0.0,949.961755,962.56,11.403333,28.34,39.743333
test_iodepth=128_randread.json,iodepth,randread,4k,0,1,1,128,313.725842,0.0,1225.491211,0.0,405.09237,428.032,0.0,0.0,20.116667,79.876667,99.993334
test_iodepth=128_randwrite.json,iodepth,randwrite,4k,0,1,1,128,0.0,335.39782,0.0,1310.147461,0.0,0.0,378.92335,399.36,21.356667,78.643333,100.0
test_iodepth=128_read.json,iodepth,read,4k,0,1,1,128,84.387441,0.0,5274.214844,0.0,1505.092399,1597.44,0.0,0.0,5.733142,32.252258,37.9854
test_iodepth=128_write.json,iodepth,write,4k,0,1,1,128,0.0,66.497833,0.0,4156.114258,0.0,0.0,1910.247951,2088.96,21.285957,35.748808,57.034765
test_numjobs-bw=1_read.json,numjobs-bw,read,4k,0,1,1,32,76.870504,0.0,4804.40625,0.0,412.401863,634.88,0.0,0.0,8.126667,39.846667,47.973334
test_numjobs-bw=1_write.json,numjobs-bw,write,4k,0,1,1,32,0.0,65.464685,0.0,4091.541992,0.0,0.0,483.671526,716.8,15.516667,32.033333,47.55
test_numjobs-bw=2_read.json,numjobs-bw,read,4k,0,2,1,32,171.239492,0.0,10702.467773,0.0,370.094458,444.416,0.0,0.0,8.246667,40.448333,48.695
test_numjobs-bw=2_write.json,numjobs-bw,write,4k,0,2,1,32,0.0,134.715409,0.0,8419.712891,0.0,0.0,470.28156,749.568,14.525,31.618333,46.143333
test_numjobs-bw=3_read.json,numjobs-bw,read,4k,0,3,1,32,183.653578,0.0,11478.348633,0.0,518.730823,528.384,0.0,0.0,7.293333,32.616667,39.91
test_numjobs-bw=3_write.json,numjobs-bw,write,4k,0,3,1,32,0.0,183.466518,0.0,11466.657227,0.0,0.0,517.216018,782.336,16.777778,34.211111,50.988889
test_numjobs-bw=4_read.json,numjobs-bw,read,4k,0,4,1,32,183.70721,0.0,11481.700195,0.0,691.418797,700.416,0.0,0.0,7.476667,32.728333,40.205
test_numjobs-bw=4_write.json,numjobs-bw,write,4k,0,4,1,32,0.0,183.845005,0.0,11490.3125,0.0,0.0,687.11836,1056.768,15.900833,37.6475,53.548333
test_numjobs-bw=5_read.json,numjobs-bw,read,4k,0,5,1,32,183.717409,0.0,11482.337891,0.0,864.041154,872.448,0.0,0.0,7.832667,33.810667,41.643334
test_numjobs-bw=5_write.json,numjobs-bw,write,4k,0,5,1,32,0.0,183.870638,0.0,11491.914062,0.0,0.0,858.826078,1335.296,17.488,36.395333,53.883333
test_numjobs-bw=6_read.json,numjobs-bw,read,4k,0,6,1,32,183.750183,0.0,11484.385742,0.0,1036.632553,1044.48,0.0,0.0,8.477636,33.602773,42.080409
test_numjobs-bw=6_write.json,numjobs-bw,write,4k,0,6,1,32,0.0,183.885237,0.0,11492.827148,0.0,0.0,1030.31929,1613.824,17.234444,36.995556,54.23
test_numjobs-bw=7_read.json,numjobs-bw,read,4k,0,7,1,32,183.752916,0.0,11484.556641,0.0,1209.237936,1220.608,0.0,0.0,8.900307,33.91983,42.820137
test_numjobs-bw=7_write.json,numjobs-bw,write,4k,0,7,1,32,0.0,183.895103,0.0,11493.443359,0.0,0.0,1202.116166,1941.504,16.343333,37.772857,54.11619
test_numjobs-bw=8_read.json,numjobs-bw,read,4k,0,8,1,32,183.753116,0.0,11484.569336,0.0,1382.134291,1400.832,0.0,0.0,8.848075,33.427358,42.275433
test_numjobs-bw=8_write.json,numjobs-bw,write,4k,0,8,1,32,0.0,183.917072,0.0,11494.816406,0.0,0.0,1375.460912,2277.376,15.646185,33.080279,48.726464
test_numjobs-bw=9_read.json,numjobs-bw,read,4k,0,9,1,32,183.75105,0.0,11484.44043,0.0,1556.054724,1564.672,0.0,0.0,7.617154,30.631942,38.249096
test_numjobs-bw=9_write.json,numjobs-bw,write,4k,0,9,1,32,0.0,183.909506,0.0,11494.34375,0.0,0.0,1549.091727,2539.52,14.553172,31.079655,45.632827
test_numjobs-bw=10_read.json,numjobs-bw,read,4k,0,10,1,32,183.75235,0.0,11484.521484,0.0,1730.20998,3129.344,0.0,0.0,7.154809,27.270273,34.425082
test_numjobs-bw=10_write.json,numjobs-bw,write,4k,0,10,1,32,0.0,183.912306,0.0,11494.518555,0.0,0.0,1722.225646,2834.432,14.986367,28.244768,43.231135
test_numjobs-bw=11_read.json,numjobs-bw,read,4k,0,11,1,32,183.756116,0.0,11484.756836,0.0,1904.33011,4685.824,0.0,0.0,6.333747,24.927729,31.261476
test_numjobs-bw=11_write.json,numjobs-bw,write,4k,0,11,1,32,0.0,183.909406,0.0,11494.336914,0.0,0.0,1894.616565,3063.808,15.163315,27.821531,42.984846
test_numjobs-bw=12_read.json,numjobs-bw,read,4k,0,12,1,32,183.818945,0.0,11488.683594,0.0,2078.018372,3817.472,0.0,0.0,5.934051,22.255678,28.189729
test_numjobs-bw=12_write.json,numjobs-bw,write,4k,0,12,1,32,0.0,183.909106,0.0,11494.318359,0.0,0.0,2067.759814,3424.256,14.972167,26.250528,41.222695
test_numjobs-bw=13_read.json,numjobs-bw,read,4k,0,13,1,32,183.759624,0.0,11484.975586,0.0,2252.627596,4177.92,0.0,0.0,5.31715,21.053738,26.370888
test_numjobs-bw=13_write.json,numjobs-bw,write,4k,0,13,1,32,0.0,183.902606,0.0,11493.912109,0.0,0.0,2241.408211,3325.952,14.202456,24.623215,38.825671
test_numjobs-bw=14_read.json,numjobs-bw,read,4k,0,14,1,32,183.776796,0.0,11486.048828,0.0,2426.229384,4489.216,0.0,0.0,5.313455,19.614169,24.927624
test_numjobs-bw=14_write.json,numjobs-bw,write,4k,0,14,1,32,0.0,183.906573,0.0,11494.160156,0.0,0.0,2415.983405,3391.488,12.833412,21.80123,34.634642
test_numjobs-bw=15_read.json,numjobs-bw,read,4k,0,15,1,32,183.90191,0.0,11493.869141,0.0,2593.701459,2801.664,0.0,0.0,6.008724,25.370365,31.379089
test_numjobs-bw=15_write.json,numjobs-bw,write,4k,0,15,1,32,0.0,183.909209,0.0,11494.325195,0.0,0.0,2589.465714,3588.096,12.539637,20.363939,32.903576
test_numjobs-bw=16_read.json,numjobs-bw,read,4k,0,16,1,32,183.897047,0.0,11493.56543,0.0,2763.598061,2998.272,0.0,0.0,6.521218,29.257989,35.779207
test_numjobs-bw=16_write.json,numjobs-bw,write,4k,0,16,1,32,0.0,183.906943,0.0,11494.183594,0.0,0.0,2762.975171,3850.24,12.155124,19.595315,31.750439
test_nbcpu-bw=1_read.json,nbcpu-bw,read,4k,0,1,1,32,80.838283,0.0,5052.392578,0.0,6136.758238,13172.736,0.0,0.0,0.42936,2.581784,3.011144
test_nbcpu-bw=1_write.json,nbcpu-bw,write,4k,0,1,1,32,0.0,66.309092,0.0,4144.317383,0.0,0.0,7489.694973,19267.584,1.564508,2.125523,3.690031
test_nbcpu-bw=2_read.json,nbcpu-bw,read,4k,0,1,2,32,146.408859,0.0,9150.552734,0.0,3391.706555,6848.512,0.0,0.0,0.724354,3.919677,4.644031
test_nbcpu-bw=2_write.json,nbcpu-bw,write,4k,0,1,2,32,0.0,124.246942,0.0,7765.433594,0.0,0.0,3999.820699,8290.304,2.628854,3.27362,5.902474
test_nbcpu-bw=3_read.json,nbcpu-bw,read,4k,0,1,3,32,183.717362,0.0,11482.334961,0.0,2721.054003,5079.04,0.0,0.0,1.153089,5.501078,6.654167
test_nbcpu-bw=3_write.json,nbcpu-bw,write,4k,0,1,3,32,0.0,153.124988,0.0,9570.311523,0.0,0.0,3265.530868,6193.152,3.392588,4.584838,7.977426
test_nbcpu-bw=4_read.json,nbcpu-bw,read,4k,0,1,4,32,183.77703,0.0,11486.063477,0.0,2760.569473,4227.072,0.0,0.0,1.933882,8.179676,10.113558
test_nbcpu-bw=4_write.json,nbcpu-bw,write,4k,0,1,4,32,0.0,177.169716,0.0,11073.106445,0.0,0.0,2857.966669,4554.752,4.690866,6.494756,11.185622
test_nbcpu-bw=5_read.json,nbcpu-bw,read,4k,0,1,5,32,183.777663,0.0,11486.103516,0.0,2772.803821,4046.848,0.0,0.0,2.701971,11.250781,13.952752
test_nbcpu-bw=5_write.json,nbcpu-bw,write,4k,0,1,5,32,0.0,183.891185,0.0,11493.198242,0.0,0.0,2763.318408,4489.216,6.893535,11.261523,18.155058
test_nbcpu-bw=6_read.json,nbcpu-bw,read,4k,0,1,6,32,183.738693,0.0,11483.667969,0.0,2776.008279,4145.152,0.0,0.0,3.468533,14.186197,17.65473
test_nbcpu-bw=6_write.json,nbcpu-bw,write,4k,0,1,6,32,0.0,183.907046,0.0,11494.189453,0.0,0.0,2765.351686,4620.288,8.220126,13.595144,21.81527
test_nbcpu-bw=7_read.json,nbcpu-bw,read,4k,0,1,7,32,183.762198,0.0,11485.136719,0.0,2774.065314,4816.896,0.0,0.0,4.120827,16.442894,20.563721
test_nbcpu-bw=7_write.json,nbcpu-bw,write,4k,0,1,7,32,0.0,183.915378,0.0,11494.710938,0.0,0.0,2764.546716,5144.576,9.210905,17.059777,26.270682
test_nbcpu-bw=8_read.json,nbcpu-bw,read,4k,0,1,8,32,183.744309,0.0,11484.018555,0.0,2773.092304,5537.792,0.0,0.0,4.564904,18.43148,22.996384
test_nbcpu-bw=8_write.json,nbcpu-bw,write,4k,0,1,8,32,0.0,183.906946,0.0,11494.183594,0.0,0.0,2764.599598,5668.864,9.894858,19.888254,29.783112
test_nbcpu-bw=9_read.json,nbcpu-bw,read,4k,0,1,9,32,183.744567,0.0,11484.035156,0.0,2772.793097,6193.152,0.0,0.0,4.899099,19.366411,24.26551
test_nbcpu-bw=9_write.json,nbcpu-bw,write,4k,0,1,9,32,0.0,183.899547,0.0,11493.720703,0.0,0.0,2764.776051,6193.152,10.826492,21.627984,32.454476
test_nbcpu-bw=10_read.json,nbcpu-bw,read,4k,0,1,10,32,183.7466,0.0,11484.162109,0.0,2773.514719,6782.976,0.0,0.0,4.968658,18.478259,23.446917
test_nbcpu-bw=10_write.json,nbcpu-bw,write,4k,0,1,10,32,0.0,183.906182,0.0,11494.135742,0.0,0.0,2764.640399,6651.904,11.685138,22.864047,34.549185
test_nbcpu-bw=11_read.json,nbcpu-bw,read,4k,0,1,11,32,183.750242,0.0,11484.389648,0.0,2774.913159,5734.4,0.0,0.0,4.461434,17.293683,21.755117
test_nbcpu-bw=11_write.json,nbcpu-bw,write,4k,0,1,11,32,0.0,183.915308,0.0,11494.706055,0.0,0.0,2762.002269,6979.584,13.95468,24.665268,38.619948
test_nbcpu-bw=12_read.json,nbcpu-bw,read,4k,0,1,12,32,183.756007,0.0,11484.75,0.0,2774.267641,6258.688,0.0,0.0,4.603264,18.148279,22.751543
test_nbcpu-bw=12_write.json,nbcpu-bw,write,4k,0,1,12,32,0.0,183.921041,0.0,11495.064453,0.0,0.0,2761.808895,6979.584,14.530262,25.245202,39.775464
test_nbcpu-bw=13_read.json,nbcpu-bw,read,4k,0,1,13,32,183.759065,0.0,11484.941406,0.0,2774.043287,6258.688,0.0,0.0,4.688913,18.955432,23.644345
test_nbcpu-bw=13_write.json,nbcpu-bw,write,4k,0,1,13,32,0.0,183.906843,0.0,11494.176758,0.0,0.0,2761.770661,6520.832,14.763914,25.570243,40.334157
test_nbcpu-bw=14_read.json,nbcpu-bw,read,4k,0,1,14,32,183.768556,0.0,11485.53418,0.0,2774.316138,6782.976,0.0,0.0,4.93241,17.509359,22.441769
test_nbcpu-bw=14_write.json,nbcpu-bw,write,4k,0,1,14,32,0.0,183.905076,0.0,11494.066406,0.0,0.0,2762.526838,5603.328,13.493244,23.659529,37.152773
test_nbcpu-bw=15_read.json,nbcpu-bw,read,4k,0,1,15,32,183.904643,0.0,11494.040039,0.0,2764.005421,4423.68,0.0,0.0,8.060296,38.75325,46.813546
test_nbcpu-bw=15_write.json,nbcpu-bw,write,4k,0,1,15,32,0.0,183.913142,0.0,11494.571289,0.0,0.0,2762.70924,4947.968,12.903817,22.086277,34.990094
test_nbcpu-bw=16_read.json,nbcpu-bw,read,4k,0,1,16,32,183.923274,0.0,11495.204102,0.0,2763.513899,2998.272,0.0,0.0,6.709109,28.768861,35.47797
test_nbcpu-bw=16_write.json,nbcpu-bw,write,4k,0,1,16,32,0.0,183.901377,0.0,11493.835938,0.0,0.0,2763.107594,3850.24,12.100437,19.53819,31.638627
